Solidity,Solidity
Vyper,Vyper
Go (Golang),Golang
Huff Language,Huff Language
Move,Move
Cairo,Cairo
HTML,HTML
Structured Query Language (SQL),SQL
Rholang,Rholang
Assembly Language,Assembly Language
Bash/Shell,Bash/Shell
C,C
C++,C++
C#,C#
COBOL,COBOL
Erlang,Erlang
Fortran,Fortran
Go,Go
Haskell,Haskell
Java,Java
JavaScript,JavaScript
Kotlin,Kotlin
LISP,LISP
MATLAB,MATLAB
Objective-C,Objective-C
Perl,Perl
PHP,PHP
Python,Python
R,R
Ruby,Ruby
Rust,Rust
Scala,Scala
Swift,Swift
TypeScript,TypeScript
Array,Array
Linked List,Linked List
Stack,Stack
Queue,Queue
Tree,Tree
Binary Tree,Binary Tree
Binary Search Tree,Binary Search Tree
Heap,Heap
Hash Table (or Hash Map),Hash Table
Graph,Graph
Trie (Prefix Tree),Trie
Matrix,Matrix
Search Algorithms,Search Algorithms
Sort Algorithms,Sort Algorithms
Computational Algorithms,Computational Algorithms
Collection Algorithms,Collection Algorithms
Graph Algorithms,Graph Algorithms
Dynamic Programming Algorithms,Dynamic Programming Algorithms
Divide and Conquer Algorithms,Divide and Conquer Algorithms
Greedy Algorithms,Greedy Algorithms
Randomized Algorithms,Randomized Algorithms
Backtracking Algorithms,Backtracking Algorithms
Waterfall Model,Waterfall Model
Agile Software Development,Agile Software Development
Scrum,Scrum
Extreme Programming (XP),Extreme Programming
Lean Software Development,Lean Software Development
Kanban,Kanban
Rapid Application Development (RAD),Rapid Application Development
Spiral Model,Spiral Model
Feature Driven Development (FDD),Feature Driven Development
DevOps,DevOps
MySQL,MySQL
PostgreSQL,PostgreSQL
Oracle Database,Oracle Database
Microsoft SQL Server,Microsoft SQL Server
SQLite,SQLite
MongoDB,MongoDB
Apache Cassandra,Apache Cassandra
Redis,Redis
CouchDB,CouchDB
DynamoDB,DynamoDB
Graph Databases,Graph Databases
Neo4j,Neo4j
Amazon Neptune,Amazon Neptune
Microsoft Windows,Microsoft Windows
macOS,macOS
Linux,Linux
Unix,Unix
Android,Android
iOS,iOS
FreeBSD,FreeBSD
Solaris,Solaris
z/OS,z/OS
RTOS (Real-Time Operating System),Real-Time Operating System
Git,Git
GitHub,GitHub
Subversion (SVN),Subversion
Mercurial,Mercurial
Perforce Helix Core,Perforce Helix Core
Microsoft Team Foundation Server (TFS),Microsoft Team Foundation Server
Bitbucket,Bitbucket
GitLab,GitLab
AWS CodeCommit,AWS CodeCommit
Beanstal,Beanstal
Unit Testing,Unit Testing
Integration Testing,Integration Testing
Functional Testing,Functional Testing
System Testing,System Testing
Regression Testing,Regression Testing
Performance Testing,Performance Testing
Load Testing,Load Testing
Usability Testing,Usability Testing
Acceptance Testing,Acceptance Testing
GDB (GNU Debugger),GNU Debugger
LLDB,LLDB
Visual Studio Debugger,Visual Studio Debugger
Chrome DevTools,Chrome DevTools
Firefox Developer Tools,Firefox Developer Tools
Safari Web Inspector,Safari Web Inspector
Postman,Postman
Junit,Junit
Pytest,Pytest
Selenium,Selenium
Jest,Jest
SOLID Principles,SOLID Principles
DRY (Don't Repeat Yourself),DRY
YAGNI (You Aren't Gonna Need It),YAGNI
"KISS (Keep It Simple, Stupid)",KISS
Design Patterns,Design Patterns
Creational Patterns,Creational Patterns
Structural Patterns,Structural Patterns
Behavioral Patterns,Behavioral Patterns
Model-View-Controller (MVC),Model-View-Controller
Model-View-ViewModel (MVVM),Model-View-ViewModel
Representational State Transfer (REST),Representational State Transfer
Microservices Architecture,Microservices Architecture
Monolithic Architecture,Monolithic Architecture
Event-Driven Architecture,Event-Driven Architecture
Service-Oriented Architecture (SOA),Service-Oriented Architecture
Knowelegde of ClickUp (software design tools),ClickUp
Knowelegde of Azure (software design tools),Azure
Knowelegde of Atom (software design tools),Atom
Knowelegde of Jira (software design tools),Jira
Knowelegde of SendBird (software design tools),SendBird
Knowelegde of Linx (software design tools),Linx
Knowelegde of Cloud 9 (software design tools),Cloud 9
Knowelegde of Codenvy (software design tools),Codenvy
Knowelegde of Crimson (software design tools),Crimson
Knowelegde of Bootstrap (software design tools),Bootstrap
Knowelegde of UltraEdit (software design tools),UltraEdit
Knowelegde of Vim (software design tools),Vim
Knowelegde of Docker (software design tools),Docker
Knowelegde of Axure (software design tools),Axure
Knowelegde of JetBrains (software design tools),JetBrains
Knowelegde of Xcode (software design tools),Xcode
Knowelegde of Zendesk (software design tools),Zendesk
Knowelegde of Slack (software design tools),Slack
Knowelegde of AWS (software design tools),AWS
Knowelegde of IntelliJ IDEA (software design tools),IntelliJ IDEA
Knowelegde of Twilio (software design tools),Twilio
Knowelegde of Trello (software design tools),Trello
Knowelegde of Visual Studio (software design tools),Visual Studio
Knowelegde of Asana (software design tools),Asana
Knowelegde of Bugzilla (software design tools),Bugzilla
Knowelegde of Zend Studio (software design tools),Zend Studio
Knowelegde of Eclipse (software design tools),Eclipse
Knowelegde of Balsamiq (software design tools),Balsamiq
CSS,CSS
React,React
Vue.js,Vue.js
Angular,Angular
Sass,Sass
jQuery,jQuery
Node.js,Node.js
Express.js,Express.js
Ruby on Rails,Ruby on Rails
Django,Django
Flask,Flask
ASP.NET,ASP.NET
Java (Spring),Spring (Java)
Cassandra,Cassandra
GraphQL,GraphQL
WebSockets,WebSockets
HTTP/HTTPS,HTTP/HTTPS
REST,REST
Web3,Web3
Protocols,Protocols
IP Addressing and Subnetting,IP Addressing and Subnetting
Network Topologies,Network Topologies
Routing and Switching,Routing and Switching
Firewalls and Security,Firewalls and Security
Wireless Networks,Wireless Networks
VPN (Virtual Private Networks),VPN
Network Troubleshooting,Network Troubleshooting
Cloud Networking,Cloud Networking
Software-Defined Networking (SDN),Software-Defined Networking
Understanding of Network Performance Metrics,Network Performance Metrics
Knowledge of Network Operating Systems,Network Operating Systems
Analytical Skills,Analytical Skills
Logical Reasoning,Logical Reasoning
Debugging,Debugging
Testing,Testing
Research Skills,Research Skills
Creativity,Creativity
Patience,Patience
Communication Skills,Communication Skills
Decision Making,Decision Making
Learning Agility,Learning Agility
Understanding of Systems,Systems
Time Management,Time Management
Authentication and Authorization,Authentication and Authorization
Data Encryption,Data Encryption
Secure Coding Practices,Secure Coding Practices
Security by Design,Security by Design
Principle of Least Privilege,Principle of Least Privilege
Network Security,Network Security
Cryptography,Cryptography
Secure Protocols,Secure Protocols
Penetration Testing,Penetration Testing
Incident Response,Incident Response
Patch and Vulnerability Management,Patch and Vulnerability Management
Data Privacy Laws and Regulations,Data Privacy Laws and Regulations
Security Awareness,Security Awareness
Secure Software Development Lifecycle (SDLC),Secure Software Development Lifecycle
Use of Security Tools and Technologies,Security Tools and Technologies
Understanding of AWS (Cloud Platform),Clound Computing
Understanding of Microsoft Azure (Cloud Platform),Clound Computing
Understanding of Google Cloud Platform (GCP),Clound Computing
Understanding of Alibaba Cloud,Clound Computing
Understanding of Oracle Cloud,Clound Computing
Understanding of IBM Cloud (Kyndryl),Clound Computing
Understanding of Tencent Cloud,Clound Computing
Understanding of OVHcloud,Clound Computing
Understanding of DigitalOcean,Clound Computing
Understanding of Linode (owned by Akamai),Clound Computing
Communication Skills,Communication Skills
Problem-Solving Skills,Problem-Solving Skills
Critical Thinking,Critical Thinking
Creativity and Innovation,Creativity and Innovation
Adaptability and Flexibility,Adaptability and Flexibility
Time Management,Time Management
Collaboration and Teamwork,Collaboration and Teamwork
Leadership Skills,Leadership Skills
Emotional Intelligence,Emotional Intelligence
Negotiation Skills,Negotiation Skills
Conflict Resolution,Conflict Resolution
Customer Service Orientation,Customer Service Orientation
Active Listening,Active Listening
Self-Motivation and Initiative,Self-Motivation and Initiative
Cultural Awareness and Sensitivity,Cultural Awareness and Sensitivity
Learning Agility,Learning Agility
Resilience and Stress Management,Resilience and Stress Management
Networking,Networking
Persuasion Skills,Persuasion Skills
Presentation Skills,Presentation Skills
Ethics and Integrity,Ethics and Integrity
Decision-making Skills,Decision-making Skills
Analytical Skills,Analytical Skills
Mindfulness,Mindfulness
Patience,Patience
Proactiveness,Proactiveness
Mentoring and Coaching,Mentoring and Coaching
Strategic Thinking,Strategic Thinking
Project Management,Project Management
Salesmanship,Salesmanship
Motivational Skills,Motivational Skills
Empathy,Empathy
Cross-Cultural Competency,Cross-Cultural Competency
Detail-Oriented,Detail-Oriented
Diplomacy,Diplomacy
Reliability,Reliability
Enthusiasm,Enthusiasm
Grit and Perseverance,Grit and Perseverance
Humility,Humility
Resourcefulness,Resourcefulness
Accountability,Accountability
Humor,Humor
Inquisitiveness,Inquisitiveness
Assertiveness,Assertiveness
Courage,Courage
Optimism,Optimism
Entrepreneurial Thinking,Entrepreneurial Thinking
Digital Literacy,Digital Literacy
Public Speaking,Public Speaking
Conflict Management,Conflict Management
Facilitation Skills,Facilitation Skills
Innovation Management,Innovation Management
Customer Orientation,Customer Orientation
Business Acumen,Business Acumen
Strategic Planning,Strategic Planning
Organizational Skills,Organizational Skills
Change Management,Change Management
Quality Management,Quality Management
Risk Management,Risk Management
Sustainability Awareness,Sustainability Awareness
Remote Work Competency,Remote Work Competency
Multitasking,Multitasking
Professionalism,Professionalism
Intuition,Intuition
Personal Branding,Personal Branding
Personal Networking,Personal Networking
Discretion,Discretion
Tolerance,Tolerance
Curiosity,Curiosity
Data Literacy,Data Literacy
Visionary Thinking,Visionary Thinking
Trustworthiness,Trustworthiness
Mindset for Continuous Learning,Mindset for Continuous Learning
Compassion,Compassion
Constructive Criticism,Constructive Criticism
Discipline,Discipline
Determination,Determination
Appreciation of Diversity,Appreciation of Diversity
Self-Awareness,Self-Awareness
Financial Literacy,Financial Literacy
Training and Development,Training and Development
Sociability,Sociability
Ambition,Ambition
Civic Awareness,Civic Awareness
Cybersecurity Awareness,Cybersecurity Awareness
Respectfulness,Respectfulness
Positivity,Positivity
Eloquence,Eloquence
Poise,Poise
Self-Reflection,Self-Reflection
Prudence,Prudence
Stewardship,Stewardship
Conscientiousness,Conscientiousness
Open-Mindedness,Open-Mindedness
Moral Judgment,Moral Judgment
Altruism,Altruism
Situational Awareness,Situational Awareness
Intercultural Competence,Intercultural Competence
Courage of Conviction,Courage of Conviction
Generosity,Generosity
Skepticism,Skepticism
Humbleness,Humbleness
Gratitude,Gratitude
Resiliency,Resiliency
Charisma,Charisma
Tenacity,Tenacity
Versatility,Versatility
Adaptability,Adaptability
Intuitiveness,Intuitiveness
Balance,Balance
Servant Leadership,Servant Leadership
Fortitude,Fortitude
Vigilance,Vigilance
Tactfulness,Tactfulness
Inventiveness,Inventiveness
Teachability,Teachability
Wisdom,Wisdom
Fairness,Fairness
Benevolence,Benevolence
Sincerity,Sincerity
Anticipation,Anticipation
Unflappability,Unflappability
Stamina,Stamina
Decisiveness,Decisiveness
Patience,Patience
Global Mindset,Global Mindset
Sportsmanship,Sportsmanship
Futuristic Thinking,Futuristic Thinking
Moderation,Moderation
Spontaneity,Spontaneity
